UUID,Date,Description,Category,Amount,Note
602B4281-8D9E-45E6-9E72-3B475143ACD5,2024-10-04,Ralphs,Groceries,20,
D9B5B390-EEBA-4AA7-8C8A-B1D4DA31E520,2024-10-04,Ralphs,Groceries,24.8,
F014E5CE-748E-4AD9-9EAB-85C78BC0FD19,2024-10-04,Ralphs,Groceries,35.78,Tomatos
CEFEB48A-388F-429A-A503-409B0B8F2BE6,2024-10-04,Ralphs,Groceries,28,Tomatos
36A784B6-6721-4AAE-A406-D0C988363313,2024-10-06,CVS,Groceries,8.13,
8DAB76BC-F71F-4A44-92F9-46978C582ABB,2024-10-07,Cox,Utilities,50,
5D6EFF75-B2E4-428F-849B-577E04AE506B,2024-10-07,Panda Express,Dining Out,10.99,
6B908140-9D85-4FC1-9465-0CB9A9D9F058,2024-10-09,Padres Dinner,Dining Out,32.85,
D445B12A-811A-4334-BA34-4B604C4D6881,2024-10-09,Nex Groceries,Groceries,39.01,
B99DE70C-1F9E-4EBF-A093-63A7B9701AF1,2024-10-09,Car wash,Transportation,6,
4ED9C040-DD30-478B-9134-04468EFC2B44,2024-10-09,Ralphs,Groceries,34.05,
EEB5D144-384E-4EBA-987C-8E844D5F0C52,2024-10-10,Parking,Transportation,1.24,
FDC8F6F7-9C9D-4885-9D75-2FE62BE2496B,2024-10-10,Notebook,Utilities,16.35,
15663E18-930C-4AE4-BA4D-3423072F24DA,2024-10-10,Walmart,Home,236.11,Speaker/Kitchen
A9C6D381-4187-49E3-B09C-D0267CC1FE92,2024-10-11,Ralphs,Groceries,52.83,
7DFD34CC-9891-4173-9571-4C3857A92436,2024-10-13,Konos Breakfast,Dining Out,26.35,
22A56327-09CA-4311-9DEC-6AD390AEBD10,2024-10-14,Chinese Food,Dining Out,37.58,
CA1FDCB0-AAA5-4BDC-AA12-FE7BE7FECEE9,2024-10-14,Espresso maker,Home,12.3,
50CE2324-F252-4410-BFC6-7344B6E0475B,2024-10-14,Flowers,Groceries,7.54,
76839D8F-1428-44D3-845E-1C39BE8BB3D5,2024-10-14,Pumpkin,Home,7,
C017CB38-F56F-452B-B27E-75401584F8B9,2024-10-14,Tupperware,Home,25,
3B902D4A-9C47-4062-81EC-BB09E04EDADE,2024-10-14,Razors,Home,50,
FA0533E9-DBE9-4769-903E-CC4DDB01471C,2024-10-14,Vitamins,Home,25,
76507AAF-78EB-417C-871B-2ABB9257977B,2024-10-14,Costco,Groceries,237,Fuck ton of meat
9A9E3624-AA83-4163-BC6E-65ADBF340ADB,2024-10-15,Coffe Bean Grinder,Home,53.83,
933AB679-8574-4901-9993-942FBF0ECD9B,2024-10-15,Bar Cart,Home,50,
20A04136-D777-4FC8-BD8B-FE77F65D0183,2024-10-16,Ralphs,Groceries,7.09,
A2C060A0-D80E-440B-A1AC-E304E398C273,2024-10-16,Flowers,Groceries,7,
2DBAC27F-3C2E-4328-906F-BB91FC026C41,2024-10-17,Pizza,Dining Out,20.7,
99EF7E34-02B9-4A5B-A4A9-C1BB52D52D51,2024-10-17,Espresso martini,Entertainment,31,
2D41463C-B021-4066-B175-8713A25F63B5,2024-10-18,American junkie,Entertainment,49,
58FFD2E8-0050-47C4-9CF7-A928C0F8E617,2024-10-18,Good Ole John Boys,Entertainment,60.9,
D74421E8-0D6B-40EE-B7BD-BE2BAB3C03D1,2024-10-18,Uber,Transportation,12.5,
D636DA14-C908-41FB-A4EF-B6564DBB9684,2024-10-19,Coffe Bar,Home,51.89,
DF962C6C-3BDA-48CE-9BF8-BDE4D3496BA1,2024-10-19,SDGE,Utilities,7.6,
038A0F6A-F8B0-47DA-8823-0333A814D596,2024-10-19,Cox,Utilities,50,
25103908-982A-4225-8842-EA03B039FC0F,2024-10-19,FLL to San,Transportation,262.98,
30D39D68-187D-4F57-801D-EA5B21A9EF46,2024-10-19,Yoga,Entertainment,19,
5DBE19F6-1D27-4BFC-8AFF-39B57DBA76E6,2024-10-19,Miranda Gift,Entertainment,42.61,
9B9EB2F4-9457-4F4B-9DD4-662AD9F66450,2024-10-20,Coffee,Groceries,12,
4AB63B73-B694-432E-AF18-221808D33C32,2024-10-20,Paper towels,Home,4,
F612FA59-07AF-4209-9B6C-08AA166FE835,2024-10-21,Hollywood Script,Home,6.03,
D68960A9-52D1-422B-9EFA-6D7A9C69E541,2024-10-21,Cali Burrito,Dining Out,15.4,
79066609-837D-434A-A231-F2786950D248,2024-10-22,Uber,Transportation,9.37,
1D876E09-A378-441D-8A05-4E4C7B7ADEC5,2024-10-23,Coffee,Groceries,10,
FB73017F-DB01-4050-9DE6-3703FA32C055,2024-10-23,Sushi,Dining Out,7,
691CC290-36BA-4DD7-AE7B-D2314918CDBB,2024-10-25,Wine,Entertainment,27,
EBF7D9DB-F73F-470F-9284-E8B888973886,2024-10-25,Breakfast,Groceries,20,
F6D3BBE1-8D34-4B27-8711-91AB9400DB6B,2024-10-26,Wrap,Dining Out,5,
53E6ED9E-EF43-49A8-AC1E-BBCDFCB6877A,2024-10-26,Face soap,Home,7,
67F3588C-B59C-4460-834A-33BC82934183,2024-10-26,Taco Shop,Dining Out,14,
4C5318CF-5EF2-4588-9C70-7154C930BAB5,2024-10-27,Coffee/breakfast,Dining Out,50,
3CD253B9-2EA4-4048-BB22-C95B3517E8F2,2024-10-27,Decaf Whole Beans,Groceries,12,
ECB53D59-8310-486F-ACA4-F4C226E3D3BA,2024-10-27,Candles,Entertainment,45,
CBD46D94-AC6D-438A-87DD-B0B14F72D971,2024-10-30,Taco stand,Dining Out,12.83,
6DD79C71-2B59-4132-925E-1DD2AFCDB83E,2024-10-30,ChatGPT,Utilities,20,
580536DB-0455-4B4B-8067-342717373B76,2024-10-31,Ralphs,Groceries,18.63,
5BBAF8DE-3173-4716-881B-2BC80B15CC53,2024-10-31,Ralphs,Groceries,18.49,
E3AFD08F-8CCB-4D2F-A17C-44D72389FDB1,2024-11-02,House of Blues,Entertainment,19,
A9C2D47E-00FD-47B6-A04F-C149E97D66E8,2024-11-02,Coffee,Dining Out,15,
3FE31BFE-2F41-4DD1-AEAC-EF2118C5378A,2024-11-02,Miranda birthday,Dining Out,176,
AC710AA1-A449-4CF8-87B8-0BCAAD417F87,2024-11-02,House of blues,Entertainment,25,
166C1ADD-B03D-4795-AA85-F472ABDFAAB9,2024-11-02,Dessert,Groceries,3,
A51CB819-092F-4DAA-BC90-2CF08EDDA84F,2024-11-03,Flowers,Groceries,10.75,
60DA8D9C-B60F-4317-A97F-B60678068518,2024-11-04,Gas,Transportation,40,
75BFDC8D-2D0B-44AC-B302-478F9435DB68,2024-11-04,Sushi,Dining Out,106,
E1E14D9E-BC65-4D7F-8E91-98A55A0ED3DC,2024-11-05,Wine,Entertainment,13,
15E87264-AAE0-481A-86D6-C7BA03C643C8,2024-11-06,Walmart Groceries,Groceries,25,
2B7FED5A-AD62-4BDA-A2C8-BA5B525DAB6F,2024-11-06,Home needs,Home,14,
93783D57-34FB-4061-91EB-005E9B3E52D6,2024-11-06,Coffee creamer,Groceries,7.4,
899402C2-033D-4955-9423-7277E454C0D1,2024-11-07,Cox,Utilities,50,
779B1ECF-8730-42E2-969C-25FB9F383A51,2024-11-08,Ralphs,Groceries,22.07,
CCD9736D-36A5-4CDF-A81B-CDFE4F590DED,2024-11-08,Espresso martini,Entertainment,50,
E42C73C5-F28F-4F82-9DF5-BDEEF617DE47,2024-11-08,Miranda dinner,Groceries,20.05,
514B88E0-E4D4-42B9-AAE2-5AEF325EF202,2024-11-08,Beaumonts cover,Entertainment,10,
46F0F24F-2431-45D9-B17D-8376AB237C92,2024-11-09,Titos,Entertainment,27,
6FCE52A1-C79B-4C3F-8B59-A9360215213C,2024-11-09,Snow gloves,Entertainment,35,
F4CC6F36-76FC-4950-8404-D8225DDBE5B4,2024-11-09,Snow goggles,Entertainment,75,
DD42C6CD-50BA-4F42-AFC2-1670B7563258,2024-11-09,Good night john boys,Entertainment,10,
98DBABFD-F3F4-4190-9F64-92EAC8836F87,2024-11-10,Uber,Transportation,43,
FEAC6B52-8A33-4D3B-B5A1-0A3378AB90D3,2024-11-10,Sauce,Groceries,25,
96BD37EA-3AE8-473D-8864-EADDD1485B62,2024-11-10,Lahina,Entertainment,37,
4E38DAD6-0FC6-4D7E-9A7E-FD75504806BB,2024-11-10,Poke bowl,Dining Out,27,
13494D1D-518A-471D-8D33-EF7F8727F272,2024-11-11,Ralphs,Groceries,17,
FC47A999-9637-48FD-B6AD-0AC635726486,2024-11-12,Haircut,Home,37,
73C93861-E323-4F07-A11B-F691219ADAA9,2024-11-12,Costco,Groceries,134.17,
A182C295-AC16-4AEB-A92F-4362DCD75D4E,2024-11-12,San francisco,,438,
CC30EEE1-F1AA-4775-98AA-CDB00EDF5F50,2024-11-12,San Francisco,Excess,434,
C803BD99-3727-4423-A8D6-E192FCC60D3C,2024-11-12,Flight home,Transportation,393,
F2312AA2-81A5-4495-9A3E-DDF1025ED510,2024-11-13,Snacks,Groceries,10.82,
A6E4B8FC-202B-4A4D-98EE-028D92FCEB85,2024-11-14,Ralphs,Groceries,18.64,
BCE812C4-26BF-446F-A9D9-D6047B039841,2024-11-18,Walmart,Home,39.93,
BE336AD8-79B9-4CE2-817C-D5251F79EFC6,2024-11-18,Coffee pitcher,Home,10.9,
D771920A-52CB-4EBB-87CF-D0B1366037B3,2024-11-18,Grilled Cheese,,21.41,
BE2AB7A6-6405-4C72-B5EC-670D6E6F3BB6,2024-11-18,Sushi,Dining Out,26,
81C778DC-E599-45A7-8A99-C4A7192B8323,2024-11-18,Food for miranda,Dining Out,21,
5EC0667B-C412-4DBF-BC23-2DE96C3BDE69,2024-11-20,Sdge,Utilities,91.41,
8851325C-7863-48BA-8726-37E0F02CF9BB,2024-11-20,Classpass,Entertainment,19,
6B4074DD-9D8A-452E-BCA4-4A4E99307F3E,2024-11-20,Panda Express,Dining Out,12.63,
2F1FBA73-29C2-40E2-9020-793E8A333DFC,2024-11-20,Guitar cable,Entertainment,5.41,
A017E52A-5350-47D2-97C4-028F77724ACC,2024-11-21,Spotify,Entertainment,13.41,
34415266-7EDC-4B97-95C9-C659F17E3948,2024-11-21,Vodoo,Groceries,14,
72F29C67-A8EC-4E91-B73E-8E128D54361E,2024-11-22,Cali burrito,Dining Out,17,
8E36B41A-F06F-46E1-BB3D-E62B8576DBEC,2024-11-22,Larking,Transportation,5,
70523DA5-1382-4145-A6D3-B98005CDEF42,2024-11-23,Richs cover,Entertainment,7,
7052BD7F-FA12-4DC9-8860-552E10DBEFEB,2024-11-23,Gossip grill,Entertainment,20.05,
1A2099B1-D808-4297-96D9-1536DE57F369,2024-11-23,Siamo Napoli,Entertainment,41.58,
A57E0356-4725-4332-9EDB-1AA73E186FD9,2024-11-23,Ice,Groceries,3,
5308122A-778F-4D04-B560-8768595078C9,2024-11-24,Tree,Excess,30,
B8BB1039-A9AC-4A32-B30A-1393DEF47BA1,2024-11-25,Taco stand,Dining Out,28.08,
4053A48D-0424-41E2-962F-332B931D9E93,2024-11-26,Friendsgiving,Groceries,60,
B92D4A3E-EFAB-4BA3-8427-AAE38CC8FDB1,2024-11-26,Gloves,Excess,19.38,
C2C1CE3D-AC43-49EF-8C74-DD9EC5387C75,2024-11-27,Taco stand,Dining Out,12.51,
6855FB99-8F10-48C8-BAC6-0710BFC13142,2024-11-27,Christmas Decorations,Home,41.41,
1140E5F5-411B-4462-A1A3-40D24881E639,2024-11-28,Thanksgiving dinner,Dining Out,55.2,
451765EE-009E-46A3-B1DE-0C39228CEA25,2024-11-29,Uber,Transportation,29.89,
26E7E7D3-D447-4BF9-90A7-344029BED524,2024-11-29,Ornament hanger,Home,3,
CC43EEA1-02C9-4AF8-AC48-9426067654B6,2024-11-29,Taco stand,Dining Out,15,
497177F6-7278-4DA3-99A8-8E580C6B1E6E,2024-11-29,Cvs,Groceries,3.87,
1BF5ED15-4BB9-4069-BE84-5E6220B9EFB0,2024-11-29,ChatGpt,Utilities,20,
AEB83F0F-9482-4DC9-9D69-2386ED5C68B6,2024-12-01,Creamer,Groceries,10.89,
097E9D90-803D-4B7F-98CC-5443D9317CEF,2024-12-02,Furniture,Home,45,Used card credits
123B920D-A01C-4396-9467-D262D55D1BDB,2024-12-02,Lululemon,Christmas,337.38,
307E0D46-834A-429C-85AC-F94A51668076,2024-12-02,iphone,Excess,610,
41FE6CC5-0F4F-4B5B-99D3-AED8F6A68F93,2024-12-03,Christmas food,Excess,27,
A3FA19FF-7479-46C5-A15C-9EFB232D4049,2024-12-03,Taco Stand,Dining Out,11,
22DB2D38-F445-46D1-AC59-AE9454D3490F,2024-12-03,Gas,Transportation,40,
BFBE3800-60EC-4182-953E-588EFEF161BB,2024-12-05,Ralphs,Groceries,63.44,
DC94115E-A1F5-4601-9547-717AF75D0845,2024-12-06,Beer,Entertainment,6,
F0F82C8D-2B31-4B51-8183-8954D9647011,2024-12-06,Parking Sea World,Transportation,16,
A955D249-E571-49EA-BA2B-20818DBDA43A,2024-12-06,Ralphs,Groceries,14.06,
48FB9DCA-02C7-42D0-B20F-42455E735FAA,2024-12-07,Jameson,Excess,21.95,
580EE9F4-8429-4453-8D90-617D68C39685,2024-12-08,Milkshake,Dining Out,11.54,
C34DD1ED-A17C-436C-9E99-FEB99C368597,2024-12-08,CVS,Groceries,3.58,
682C9CFC-F66A-48FC-8A11-6A45ED47E1E7,2024-12-09,Rosemonts,Dining Out,35,
CA3BCAAE-0C49-440A-A874-F5BCEE05B52D,2024-12-11,Del Dinner,Dining Out,53,
0407B6D4-2169-4F5D-A92D-F04BD9B50E60,2024-12-11,Walmart groceries,Groceries,41.8,
105C2C8B-32DE-46E6-B0AC-DC41196A27FC,2024-12-11,Mugs,Christmas,38.5,
21230CBD-8D55-4DD9-A99B-CD963FAEB7FF,2024-12-11,Entertaining randis friends,Excess,45,
821FE2E2-18DC-4574-927B-899AECF15E8A,2024-12-11,Flowers,Groceries,10,
F8DB1E12-976E-43D8-839E-FFD2D0F514D1,2024-12-11,Costco food,Groceries,70,
CB231604-E14D-400D-AF11-D4E4DFB3461B,2024-12-12,ChatGPT,Utilities,20,
21C60D87-AD90-4CB2-B968-7C6C0F2B418A,2024-12-12,Cox,Utilities,50,
0AA6B998-39C0-4FD0-A7EF-6B19857B3367,2024-12-12,Brewery,Dining Out,10.22,
DAE302F4-B6CE-4918-8422-DFCC99087F7C,2024-12-13,Good night john boy,Entertainment,20,
1A234766-67A1-464D-A109-88C285460E38,2024-12-13,Hot Chocolate Martinis,Entertainment,20.23,
F137A68F-7554-4086-B3BE-76D30A078192,2024-12-14,Happy does,Entertainment,11,
6ED8954A-A2A9-4EB5-B7A5-0A73F99F797F,2024-12-15,Coffee Date,Dining Out,15.44,
BAED6DD6-2273-4F44-A916-33060069FCFF,2024-12-15,Roach Trap,Home,10,
80DB0FFB-657A-4E01-97E9-2FF4CE2CCA79,2024-12-15,Speaker/Spoon/License,Christmas,78,
B387E4B4-B3A2-4C4D-917B-DBE9D4A36470,2024-12-18,Haircut,Home,16,
0EFFF41C-8B7E-428E-BBB8-F2B513BDEA30,2024-12-19,Cox,Utilities,50,
C11246B8-395F-4DD7-A788-E43290F889F1,2024-12-19,Presents,Christmas,38.75,
CBEC2E49-4847-45E3-96FE-03CBD07B8F0C,2024-12-19,Wrapping paper,Christmas,5.38,
AFD9C20C-2B06-42B5-BDC8-1562594ED092,2024-12-19,Vuori Present,Christmas,135,
A5BC1288-B586-4E47-81D6-B6DF72C3573E,2024-12-19,Vuori Shirt/Short,Home,70,
74F5A525-431C-49C3-8BBB-DD6E845D7719,2024-12-19,Keychain,Christmas,6.46,
03D6B8BE-C900-49A2-A88E-D1083A234B13,2024-12-19,Pasta,Groceries,20,
727CEB0B-5797-4CF6-BC40-9BE06F5675AB,2024-12-19,Stocking stuffer,Christmas,24,
8380C3F6-392C-4893-93E1-2802F0DF89A7,2024-12-19,Parking,Transportation,16,
80D92AE3-DBBF-4963-A160-6777A85FA034,2024-12-20,Christmas Ornament,Christmas,19.58,
21F0CEC4-67C6-4E38-A6FE-9B35EB8D5387,2024-12-20,Latte,Dining Out,7.46,
EB9CBC79-4F6A-4D96-957C-6EC4723BB29C,2024-12-20,Water at KSAN,Groceries,5,
DD933421-BCA1-49B9-98EE-76E4D629C1EA,2024-12-20,Bagel/Coffee,,10,
F07DD41B-2DC9-45F6-B393-ADA362D4F92E,2024-12-20,Fish and chips,,50,
C97234D9-1AAC-4FB5-8461-8463EE133E0B,2024-12-20,Fish and Chips,,51,
D3F967FA-D919-48F2-B060-6BC679E7A2B6,2024-12-20,Fish and chips,San Francisco,51,
5CD9E471-C206-4771-A85E-316B3547BEE7,2024-12-20,Uber to KSAN,Transportation,25,
FC64ABE3-97F7-47BE-A1F2-0F1B0B0AFDF8,2024-12-20,Uber to SFO,San Francisco,10,
FC795F39-A6B3-4176-B7D0-D7DCB3240E56,2024-12-21,Espresso Date,Dining Out,6.5,
DBCE76B9-AC6B-4ABC-82B5-DA2DA6A24DCF,2024-12-21,Charger,Home,16.28,
E5913549-3B4E-473C-9280-8A5B70833D76,2024-12-21,Scomas,Dining Out,73.82,
E3E6827F-3A2C-4C36-9B45-24EDE063079D,2024-12-21,Sweatshirt in SFO,Home,64.85,
A3E68F49-953A-4DD6-9A56-0B0FE843E162,2024-12-21,Italian SFO uber,Dining Out,9.98,
6DF08E5E-485F-4622-B482-C0C741D3DA95,2024-12-22,Wine Tasting SFO,Entertainment,60,
53E63598-AC5B-48F1-B129-43495E8292CE,2024-12-22,Two ubers to dinner,Transportation,20,
8A6C1567-77CC-4626-B925-4B80CD61BB44,2024-12-22,Coffee and Ice Cream,Dining Out,20.1,
65370AA1-26C4-4B19-B06D-8756E3CB7BDC,2024-12-22,SFO Biking,San Francisco,104,
9D6F975B-D65C-474B-9FC7-04146EA37989,2024-12-22,Uber to SFO,San Francisco,47.51,
2813286B-D003-4C82-A358-54CF0FDB628E,2024-12-22,Sushi,Dining Out,46.58,
5F61538C-8D37-4D97-9040-B5E6A92CBC17,2024-12-23,Airtag,Home,31.5,
FF0EA4D8-CBF3-4942-8EFE-D392D3250045,2024-12-23,Ice cream,San Francisco,10,
DB87F006-B62D-4384-9EC1-C265993B8B51,2024-12-23,Coffee present,Christmas,10,
CBDCA178-F73F-47D2-860D-123EF6D66A75,2024-12-25,Test,,0.01,
CE11DA1B-90D3-4A39-BE72-B99786D9BD53,2024-12-26,Coffee PBI,Dining Out,31.11,
CF3DCB55-D61D-483E-8D22-A8D7CF68C935,2024-12-26,Jupiter T Shirt,Christmas,55.8,
8C8B40B1-3140-439A-A69A-17BF2D23B99C,2024-12-26,Jupiter Drinks,Entertainment,46.58,
ED39E395-1731-4C69-960B-38E0704515A7,2024-12-26,Transmission fluid,Home,58.83,
8354B8AD-3420-45C7-B118-719280B0E8D0,2024-12-28,Gas for TBIRD,Transportation,20,
225CC94E-535B-4B21-9542-BEF5B476F6F2,2024-12-30,Uber from Christams Leave,Transportation,32,
21D66B6E-8854-42D1-9125-90E2D7C73673,2024-12-30,Airport dinner,Dining Out,13.58,
9EF5FA57-7AC6-47F3-A883-26933C955966,2024-12-30,Parking,Transportation,5,
8F6E773B-04CF-4417-B771-E83680EFD9CF,2024-12-30,Taco Stand,Dining Out,13.08,
3CC9A265-E234-4404-BDD7-E1A68FCE8C6D,2024-12-31,ChatGPT,Utilities,20,
CD36D8A6-F090-498A-B5F6-F7BC6324133C,2025-01-02,Allen Key,Home,16.03,
C1F6429E-3BF9-439C-B026-90EC1687CE91,2025-01-02,Ralphs,Groceries,21.92,
964152D3-CB71-4431-A042-618D5562F9C2,2025-01-02,Xbox,Entertainment,19.99,
D67AD97F-8036-45AD-9F42-09EAF536325B,2025-01-04,Saucony Shoes,Home,104.98,
8AEF594E-857C-4DB1-ABE9-C147CC84D596,2025-01-05,Flowers,Groceries,10.75,
0A987FC4-5835-4D09-90A5-1991124874E3,2025-01-05,Kenyan Food Farmers Makrst,Dining Out,14.5,
4D08CA22-7D59-4E2F-A71C-CC15C42057C7,2025-01-05,El pescador Sandwhiches,Dining Out,52.8,
A89A83C8-BA03-40B7-A8B9-F3B14DAC3126,2025-01-06,BellyUp Concert,Entertainment,17.5,
4E8CB269-E7B5-439F-8774-A3D5FFFEB906,2025-01-08,Sushi,Dining Out,27,
B9726EF5-59A2-48A7-A435-99C08419E16D,2025-01-09,Rosemonts,Dining Out,26.85,
BC1CE69C-0FDC-46D3-AB2C-4876E04E01C0,2025-01-09,Shirt Encinitas,Excess,16.16,
8A1F91C4-365C-45C2-AFFA-248E4B02CA59,2025-01-09,Encinitas lunch,Dining Out,27,
B3AFDD1B-EDFF-484D-A343-5F477822108E,2025-01-10,Pasta Maker,Home,27,
24AFE488-2A5D-4402-A511-EEC38B87BECD,2025-01-10,Matress Topper (Couch),Home,25,
020A6A94-EB82-490B-A161-C8E7F45DA193,2025-01-10,Frozen Vegtables,Groceries,10.8,
5C341A83-9D52-4A18-89F2-B6E9D3B263EE,2025-01-10,Gas,Transportation,38.82,
7DDF0D04-D256-41F0-93F5-D837D7022251,2025-01-10,Football Food/Beer,Entertainment,33.18,
CE87A9EC-830A-46CC-A401-64B037DF8785,2025-01-10,Car wash,Transportation,4,
A92AD146-166B-44A7-834D-46600597F6A9,2025-01-10,Beer,Entertainment,10,
2FE0C72D-7520-433F-A204-06B508998511,2025-01-10,Tpark,Excess,36,
D6D85907-12B8-4E56-860D-950CC87949E1,2025-01-11,Ralphs,Groceries,2.42,
BB75A169-E4DF-49E6-9F67-79568CD7FAB4,2025-01-11,Going Out,Excess,75,
82AE830D-4D78-4050-AE17-8DACBC412773,2025-01-12,Vonns,Groceries,2.5,
D5330316-11E5-4259-8EFE-15D9DCB59A5D,2025-01-12,Ralphs,Groceries,26.57,
2E7EB30C-3479-4FED-B745-A3B0922307F2,2025-01-13,Pasta Dinner Ingredients,Groceries,35,
E68AC9AA-3ACA-465A-9BC3-DBA563693D97,2025-01-13,Ralphs,Groceries,10,
85E4BBA6-8741-499E-8377-300BFADC4892,2025-01-13,Can opener,Home,12,
E16F420C-78C0-40B7-B6FD-305ACD08F234,2025-01-13,Ralphs,Groceries,25.37,
4AA7F9EC-A8B2-474B-B9BA-3DD9A3DF64C3,2025-01-17,Walmart Groceries,Groceries,42,
B6D06A1E-651E-4442-8E5F-DD24BF345459,2025-01-17,Roach Trap/Hangers,Home,18,
88F3697A-BBEE-4DC1-8A3F-7B6B94FF0BDE,2025-01-17,Haircut,Home,17,
74A08395-9C81-4594-B905-5747521C1726,2025-01-17,Nex Commisary,Groceries,21.91,
38214DAF-8310-415B-8D6D-B18C3405FC9B,2025-01-17,Snow Pants,Excess,67.58,
72FB1D2C-A112-4DBE-98EE-DDA41A0EF150,2025-01-17,Cox Cancel,Utilities,16.67,
2AEB42AE-6DB6-4243-B59D-A1313CAD2A00,2025-01-18,Skiing Alcohol,Entertainment,10.65,
15724C82-276F-4B05-967A-E660AAF28067,2025-01-18,Snowboard Ticket,Entertainment,44.75,
77AC888C-6D5F-4E7C-92D7-728F23018FAB,2025-01-18,Celsius,Entertainment,4,
6E97CBCC-A911-4FB7-B5D8-5F7F0FA0EC20,2025-01-19,Big Bear Going Out,Entertainment,100,
F259DC9A-3C3D-46BE-BD37-F37F9B917B0B,2025-01-20,Class Pass,Excess,19,
08C24106-6F60-4D5A-979C-6D3D86443584,2025-01-21,Spotify,Entertainment,13.64,
CF8E138C-DAF2-4639-88D9-3B72C87B2B81,2025-01-23,Flowers,Groceries,22.79,
7671F45B-4CF9-45C7-97AD-5488276F2069,2025-01-23,Chicken,Groceries,9.65,
F629939B-C4A2-43B1-AD7B-C33C31850CA1,2025-01-24,Coffee,Dining Out,9.67,
C1BAFCB5-98EB-456A-A738-CE1CC97CF966,2025-01-24,Trash Can,Home,60,
1C2EA7A9-B0DC-4720-A4D2-E9BA3A1E12B4,2025-01-24,Beer,Entertainment,25,
E7A68497-4D3B-4D5C-9615-51FC661F0744,2025-01-24,Disney Plus,Excess,5,
169085A5-AFEA-46BB-885E-81AB93BBDE44,2025-01-25,Costco,Groceries,100,
04A10056-78C5-44A9-9464-76CBDEB79187,2025-01-27,Bedroom Furniture,Home,823.1,
AA5F75A4-582B-4505-9CE8-AA8C04DB17D6,2025-01-27,Mattress,Home,877.21,
B7870622-68C3-4F38-AE75-92F11FA9F10A,2025-01-27,Electric,Utilities,66.67,
D689EE1D-BA63-4797-B17E-F383C762B602,2025-01-28,Ralphs,Groceries,35.73,
E52755B7-3E61-40E6-A12C-696DB66BB186,2025-01-30,Kebab Shop,Dining Out,35,
3A7830E7-104E-42D7-9E61-9BEE60FFCE15,2025-01-30,Ice cream,Entertainment,18.94,
4DFDFB02-655C-44DF-ADC9-CB30FF4B76EB,2025-01-31,ChatGPT,Utilities,20,
1EAC9C30-E894-4B4C-B625-8861C149E6B2,2025-02-01,Gas to Snowboard,Transportation,15,
0BEE3963-2AA3-4CFA-9B9B-85AF49955381,2025-02-01,Lift Ticket,Entertainment,87,
968FAA2A-FE9A-4AB1-AE1B-D34E9C2AF60C,2025-02-01,Drink at Ski Mountain,Dining Out,13.58,
02FB58F5-BFFF-438D-AAC0-599159DE307E,2025-02-01,Two gas station stops,Transportation,6,
A2735792-CACA-4E3F-8460-14F9EE57C6B5,2025-02-01,Rosemounts,Dining Out,10,
23A21747-D4BF-4685-9D32-F32A09B5C2DB,2025-02-02,Cvs,Groceries,25.45,
0B6BF2B7-100D-4543-B21F-1006ACBBF562,2025-02-03,Xbox,Entertainment,20,
B5751B1B-4C69-4EDF-AE05-51A09F627269,2025-02-03,Ralphs,Groceries,17.98,
0A53D311-34EE-4E25-A81B-17B5E3035A1E,2025-02-05,Tux,Excess,457.98,
5424BD7D-FBD1-47D4-A783-B2EEA3EA8A5A,2025-02-06,Taco Stand,Dining Out,12.81,
CB541458-F838-48A5-8EF0-CF3ADC2193F7,2025-02-07,Gas,Transportation,41.6,
7277AC52-B375-4F22-B90E-B47E684AB89D,2025-02-08,Snowboarding,Entertainment,87,
FCF5B45E-D7CA-4444-86EB-9F040E9EA9B4,2025-02-08,Ski food,Dining Out,13.95,
CCAF7CFB-3914-4FBC-B2C6-D2142712ABC7,2025-02-09,Coffee,Dining Out,15,
99B2AC15-66AD-45F4-8D47-292AE2FB57F2,2025-02-10,Gas,Transportation,38.42,
A69A151A-CAF2-4846-BDB6-AC9C79C11A42,2025-02-10,Ski Dinner,Dining Out,50,
2F72AE61-A036-4B2F-9CB7-CC7B11EB82DC,2025-02-10,Taco stand,Dining Out,28.48,
2791644B-131B-4E1B-A730-55C0FC105CC1,2025-02-11,Walmart Food,Groceries,49.95,
160AC961-4F73-42D1-A12D-86B37DD4536D,2025-02-12,Brandons Wedding Flight,Excess,581.5,
63632B23-B88F-4BE0-83AC-50370EF55452,2025-02-13,Valentines Gift,Excess,140.65,
8010A943-5CDA-4A74-B64D-9F054467BB1B,2025-02-13,Ralphs,Groceries,84.75,
08A6475B-2C80-4FD2-8C1B-98BF70F05D84,2025-02-14,Car Registration,Home,102.7,
67A452CA-7DA3-4DBE-BA1A-1D6819EFF561,2025-02-14,Kaluha,Excess,25,
E5BD8B79-DFDA-4D9F-B785-EAFDD7B3C578,2025-02-14,Ralphs,Groceries,24,
2AADC266-5257-44C4-A80B-4F0C31674059,2025-02-14,Taco Stand,Dining Out,25,
AB38F014-8046-4C03-BB53-F228A7E163B7,2025-02-15,Water,Groceries,5.35,
8DAB0BF3-F638-47A0-A9A8-D5EDCD1369B4,2025-02-15,Canoli,Excess,10.44,
5EFCFE26-94F9-449B-B73C-2DCFCAE5250F,2025-02-15,Mimmos,Dining Out,80.45,
5DE57DEB-57B8-4C2C-AB9D-B4F868C2E37D,2025-02-16,Golf City Pass,Entertainment,25,
4DB2A79D-8749-48A4-9682-587F365DB430,2025-02-16,Mission Bay Golf,Entertainment,36,
C7F63EA5-7E47-49F0-9F3B-B2B2889CB369,2025-02-18,ARO,Groceries,9.5,
79D86BBE-AD6F-456A-BE97-2801B80B798D,2025-02-18,Bulletproof Coffee,Groceries,47.33,
7AE472B5-FB80-43BD-94E4-679EA05FC996,2025-02-19,ARO,Groceries,11.65,
A68A6C1B-095C-434C-902E-A7A189745E92,2025-02-20,Flowers,Groceries,13.75,
CC6E40C1-F06B-4F7C-8508-4C7DD2E10A4C,2025-02-20,Class pass,Excess,19,
C46A2F3C-56AE-4476-BE65-2DA406461171,2025-02-20,Seals Lax,Entertainment,88.58,
0E09006C-B4CE-48CB-A7BD-78DFDC496B12,2025-02-21,Spotify,Entertainment,13.64,
A018F0E4-14EB-4A01-829E-00836CB3DF53,2025-02-21,Ski trip airbnb (with Andrew,Excess,119,
ED8AB12C-760D-46F6-A75F-49062E88E243,2025-02-21,Haircut,Home,20,
8A1DE34C-F730-46BD-873E-862A650411D1,2025-02-21,Car wash,Transportation,4,
991770C5-04A2-4C87-BCC2-A3D2E4AF4DB7,2025-02-21,NEX Coffee,Groceries,3.99,
066CD696-7903-46B8-9259-A119DA5FCC68,2025-02-22,Uber,Transportation,30,
7E157FEF-F972-4BDA-9E73-169E0E7EDAD9,2025-02-22,Uber,Transportation,40,
E6BE2592-E21D-4CAE-827F-C9D472C6D60D,2025-02-22,Taco Stand,Dining Out,26.04,
F0E8DA02-5CCF-4D24-A8F0-2727278E7B9D,2025-02-23,Google Fiber,Utilities,70,
C326A38C-55D4-4E46-B6DD-9A8C4ACE76BC,2025-02-23,Affogato,Dining Out,14.65,
EF34619F-A6E4-4681-A938-F15A81AEF0D0,2025-02-24,Disney Plus,Excess,20,
01B57625-1A39-4671-B95F-7456F1DED3D5,2025-02-24,Claytons,Dining Out,34.57,
444C56FF-EC1B-43AE-918F-97E93F726C76,2025-02-24,Ralphs,Groceries,30.13,
EB5F073E-6307-4E47-9C44-E32C2B94CA95,2025-02-26,Gas,Transportation,42.92,
891E043A-E89C-450C-8BA8-00B387FE1E77,2025-02-27,Taco stand,Dining Out,26.04,
86EAB14C-65A6-4D77-A36D-56A3E68DA3C5,2025-02-27,ChatGPT,Utilities,20,
BA5B201D-B8A4-44AA-9B56-AD116569EB00,2025-03-01,Poke bowl,Dining Out,34,
523B67E6-2C2C-4466-84F8-41E00EE569DF,2025-03-01,Pizza,Dining Out,17.5,
8810F8FB-5CCC-41CE-A7B6-9BC4A95CBE68,2025-03-02,Xbox,Entertainment,90,
8ED72938-3BF1-47B7-954E-EA39C14BE073,2025-03-03,Taco Stand,Dining Out,29.41,
4D9B1162-8D93-4335-8C65-C18DB57998EE,2025-03-04,ARO,Groceries,4.5,
C62E8D79-9B3B-406A-B082-F5A34254A6D0,2025-03-04,Ralphs,Groceries,24.66,
3A00A0C0-E04E-44D3-9044-8A3DDDEB7586,2025-03-04,Walmart Grocery,Groceries,38.31,
5042094C-4A4A-4D43-BFE2-02DAE094B8A4,2025-03-05,Ralphs,Groceries,13.77,
9A51C990-607C-44E3-9C43-D09D4F9080C0,2025-03-05,Fish house,Home,12.92,
7AC22AD1-F7D6-4B76-B18B-07D826FEF55D,2025-03-07,Beer,Entertainment,10.16,
AA66FBDA-2951-4DAC-9C13-547D51D47641,2025-03-07,Beer,Entertainment,10.16,
3CC6E1B3-6CEE-4A22-93C6-6ABC95CEBD43,2025-03-08,Taco Stand,Dining Out,25.02,
075F911C-F06C-4F82-91F2-BCA2D7DC3546,2025-03-08,Beer,Entertainment,36.39,
E5DDB848-EFE6-4B54-BA4A-AD91DCBDB91B,2025-03-09,Going Out,Excess,70,
73D0B5C7-398C-45D2-93A3-8FCA05E61812,2025-03-09,Hot Dogs,Entertainment,18,
27115FA1-1058-4DC1-823C-CE3E18C16838,2025-03-09,Ralphs,Groceries,17.1,
6A99C775-7E35-4E76-8C69-9C96180FA7B1,2025-03-12,Vegtables,Groceries,8,
969B6180-695D-47EE-B9A0-A4AD99BBADEA,2025-03-12,Soap,Home,20,
AB6DB8A8-F85E-465D-A2D5-D1D7ABA6EE21,2025-03-12,Swifter Soap,Home,12,
0F4CD0C7-748D-4068-8D50-70C465FCD8A7,2025-03-12,ARO Food/Hat,Groceries,22.5,
DB7AD7BD-86B9-4637-A12F-59D38E76298D,2025-03-12,Test,Transportation,25,
4994FFC2-2B7A-4913-A29C-D2D812E46883,2025-03-14,Costco Food,Groceries,70,
DC102142-D0FF-4798-B74E-22987199FC41,2025-03-14,Costco Home,Home,52,
9CC6282C-55BA-4EA2-8703-A8F3783EBE94,2025-03-14,Google Fiber,Utilities,70,
0259E95E-B770-42EE-BFE2-E63C9886BA75,2025-03-14,Date Groceries,Dining Out,22.75,
B41BE558-9B10-4FEA-99B6-4F355475DB87,2025-03-15,Taco Stand,Dining Out,23.88,
68976462-4778-42AD-8EF9-A12B0A54E4B1,2025-03-16,St Pattys,Entertainment,96,
B9DFE6DD-9273-401E-AD79-25A1BCB6AD62,2025-03-17,Gas,Transportation,50,
62ABCF25-CFBD-4CE9-BBCF-BBF5B67698AA,2025-03-17,Cladue,Entertainment,20,
C27CDB1B-80A5-4C73-8C7E-55F1B61CF9D4,2025-03-17,Ralphs,Groceries,15.07,
8EABA269-C3C7-43CB-B84D-0E1DB099D35E,2025-03-20,Walmart Home,Home,57.88,
92A2E0B2-444E-4AE4-842A-F6A60F02BA1D,2025-03-20,Classpass,Entertainment,19,
4BA0234F-3A30-4704-9CBD-F5C58C1E4D00,2025-03-20,Taco Stand,Dining Out,17.92,
824E050D-2ADB-490E-9A56-9E922B4C5835,2025-03-21,Spotify,Entertainment,13.14,
85189EBE-1401-43EB-B911-4F21B770D3BF,2025-03-22,Kebab,Dining Out,5.43,
1B574ECD-BC4B-4BEF-BA8B-96482FDF4134,2025-03-23,Parking,Transportation,24,
4D0402D8-2D8D-474D-A251-748AC4C45705,2025-03-23,Ralphs,Groceries,26.06,
C5A5B156-18A2-4CB2-88EC-568D27C8B411,2025-03-25,Ralphs,Groceries,27.03,
64BF5901-EDB4-4C94-9A17-C3CD9A1B3370,2025-03-26,French Coffee,Dining Out,52,
DD40A75F-474E-4079-9768-F688BA76EA43,2025-03-27,Ralphs,Groceries,14.17,
005B4817-0FFB-449E-B6CE-3A755233FC60,2025-03-28,Date,Entertainment,29,
28809469-7E2C-4DB7-B251-D277985CCE89,2025-03-28,Sushi date,Dining Out,64.19,
3C3E3B84-D9CD-4DE7-A6C5-E66EC4A055D3,2025-03-29,Ralphs,Groceries,18.24,
3407C766-1A2E-49B8-8BE8-EE59DD721479,2025-03-30,Coffee Date,Dining Out,33.75,
81A25629-7474-4A48-8D54-CB27FB465FF9,2025-03-31,ChatGPT,Utilities,20,
C9B4DF84-A14D-460C-AECA-CE26A48EB91D,2025-03-31,Gifts,Excess,67.98,
57EFB992-37F2-400A-8FE0-FACABA3F14B0,2025-03-31,Fubo,Utilities,11.37,
5AB15A9A-F133-49D7-B44C-06DFDD64EE2D,2025-03-31,Taco Stand,Dining Out,35.33,
89292196-5F81-43B1-BCE7-BB0CC2DED8B5,2025-04-02,Flight food,Dining Out,14.57,
A8134C52-5DE2-417D-942B-4F628911AA44,2025-04-03,Ralphs,Groceries,24.16,
B4C79B1A-0FF0-45CE-A4B9-6742E21F0FE4,2025-04-03,Haircut,Home,19,
5087F211-6F3C-4477-9113-C7C9EBC30920,2025-04-03,Gas,Transportation,48.78,
69D6C377-6046-4B6C-A7BE-044A69509174,2025-04-03,Beer,Entertainment,16.04,
782EDE14-A030-4951-8381-F9ACEA4F00C5,2025-04-04,Auntie annies,Excess,5.96,
C8CCFC5B-F619-4942-9AE8-71FC05A669D3,2025-04-04,Bananas,Groceries,5.35,
5AD475A0-4D4F-4A54-8FC2-6CDE08B91DCC,2025-04-06,Wedding Fun,Excess,150,
A9112539-3253-4F26-B59B-7254F503642A,2025-04-07,Airport Vending,Dining Out,5,
43DFE59D-C787-4F32-8288-17358565925E,2025-04-07,Burger Date,Dining Out,50.77,
2C01107F-50E4-41B5-A72B-063685600728,2025-04-07,Parking,Transportation,13,
4F9977A9-269D-4AFD-8F26-2F587B683EE4,2025-04-07,Dr Pepper,Groceries,4.57,
8A7FE6D4-1C4B-4682-B7A7-FF9A4F17684F,2025-04-08,Taco Stand,Dining Out,23.88,
082B73F6-8E6A-47E5-9299-7D367FB12147,2025-04-09,Ralphs,Groceries,20.03,
212EE90B-EA86-448E-92FC-115F87E2C8C7,2025-04-11,ARO,Groceries,6.25,
8DACF84D-7DEE-42C4-B379-EEBC6D2489D3,2025-04-12,Beer,Entertainment,20.03,
4BDC96CB-1E2A-4D8F-830A-1FDB985E0A47,2025-04-13,Ralphs,Groceries,23,
349DB206-64FA-45EC-91C7-261075F1F78D,2025-04-13,Whiskey,Excess,21,
90CB4072-159B-412C-844E-595CB3CC52FE,2025-04-14,Google Fiber,Utilities,70,
EA9B86BA-1CBF-40FD-81E6-EC2D99EF6B5A,2025-04-14,Taco Stand,Dining Out,23.88,
D13CAE4D-5766-4EC7-B206-F5425F1E1EDE,2025-04-14,Computer,Home,253.17,
C618E140-4C52-4DA0-AAD9-A67C5C541374,2025-04-15,Taco Tuesday,Dining Out,41.37,
929EE1D0-276E-457F-94E9-6E2ACA1540CE,2025-04-16,Winn Dixe (old),Groceries,25,
8DCBCC5F-5E09-4DC8-B95F-C2320557A82E,2025-04-16,Taco Stand,Dining Out,23.88,
22CD9D92-29BC-4959-9AE6-121A029262CA,2025-04-17,Ethernet Splitter,Home,19,
39113618-A0A2-4B01-B3C5-7DE29A385917,2025-04-17,Vegetables,Groceries,11,
EB9B1DCC-4C5E-4262-BF2D-5D9C74663AEE,2025-04-17,Ralphs,Groceries,6.5,
235CF3E2-1109-4E0B-B0FC-6FA2EA1DF0EE,2025-04-17,Claude,Utilities,20,
F8DD677A-72FF-4F70-8C5B-FD4220DC6596,2025-04-18,Kneeboard,Home,37,
DB66E17D-6FF6-4CAC-B6E5-8314D9F82592,2025-04-18,Ethernet Cable,Home,9.99,
EA971889-B76D-4090-A306-0A8D99E0D061,2025-04-18,Uber,Transportation,31.5,
9FA3A745-EA41-451E-B930-1C948D0DE2CA,2025-04-18,Shore club,Entertainment,21.34,
30D4FD2F-0E7C-4B5F-87CA-9D70636F07FD,2025-04-18,Drinks,Entertainment,60,
31A69A8E-C98E-485E-B5E7-FD2B166E68EC,2025-04-19,Pizza,Dining Out,14.01,
58DED07C-CB1F-4C9C-B9C7-D4CAA2F49557,2025-04-19,PB,Excess,80,
1370684C-B3D8-4EE6-858A-41C36610F111,2025-04-19,Pudding,Groceries,6.99,
E4D40BA1-97C7-42EE-AC9C-B521EF1AC5CC,2025-04-20,Trackpad,Home,70,
0D5A6C21-57D6-4154-945B-0098C0F491C3,2025-04-21,Spotify,Entertainment,13.14,
33D56491-74D7-49E0-ACC4-4B82F35C80E2,2025-04-21,Ralphs,Groceries,56.5,
A6227B26-3995-4C0B-AD2C-DDD2E2668023,2025-04-22,ARO,Groceries,9,
6E0286D4-30F8-4F27-9BA3-552D9BB7A4BD,2025-04-24,ARO,Groceries,8.25,
C628D65F-0767-48F3-A22A-9520B10B99D3,2025-04-24,Taco Stand,Dining Out,23.88,
1A39FCAE-BD59-4AF1-ACF2-E766F2C48F64,2025-04-26,Ralphs,Groceries,22,
A98981D9-654B-465B-A141-FE6DC78D128D,2025-04-26,Whiskey,Excess,23,
57E55ED2-6F3F-473B-B442-2205CAAE968C,2025-04-29,Taco Stand,Dining Out,23.88,
965AFA10-EDC4-42E7-9983-B12981763D21,2025-04-30,Ralphs,Groceries,27.56,
82FB2BC6-5FC0-40D8-BB38-7B1FA1AB7D5D,2025-05-02,Haircut,Home,19,
82CE534E-B4F4-4866-BDEF-2E8A7B9E0656,2025-05-02,Gas,Transportation,50.14,
7EBD15F6-0D5A-4922-BCDB-05BEF40EB930,2025-05-02,Taco Stand,Dining Out,33.58,
4995EC69-5370-456D-912F-B8C9424EADE4,2025-05-04,PBS,Excess,10,
0114B1B6-39B8-4537-8889-7D9A58A245E4,2025-05-04,Ralphs,Groceries,23.59,
69B116FF-BAAA-460F-97C6-CAEC3E8F5CF7,2025-05-05,TradingView,Utilities,1,
E38E6D8A-D031-43F2-914E-6938F1C76783,2025-05-06,Taco Stand,Dining Out,23.88,
48104EDF-61C3-45EE-8380-577415F82FEC,2025-05-09,ARO,Groceries,7.5,
1E77522C-9B68-41C3-BBC9-7696BCA9D831,2025-05-09,Play,Excess,27.48,
E28847C1-F207-4453-AC4C-5765BAFC96F7,2025-05-09,Drbks,Excess,15,
6D42EE77-154F-42B6-AA70-EBEC9F2571A3,2025-05-10,Boys Night,Excess,52,
FB306F9F-4F74-44E7-B2BE-4E4B6B8144FC,2025-05-11,Ralphs,Groceries,30.46,
229687D4-3FBA-4E6C-BDD0-3C0D150CDE78,2025-05-12,Taco Stand,Dining Out,23.88,
27E7717D-E4EB-4782-92F2-310F4D8712C6,2025-05-14,Google Fiber,Utilities,70,
981D25F9-EBAA-470B-95DB-84E869D8CA5E,2025-05-14,Car wash,Transportation,4,
3279C848-2CBA-4B70-97FE-590898242853,2025-05-14,USB 64gb,Home,15,
7D7B73E6-CF1E-4F78-9C68-BE40E6FBB67F,2025-05-14,Walmrt Groceries,Groceries,25,
E89B8B93-1B5A-497D-99BC-A3B326663E5C,2025-05-14,Ralphs,Groceries,23.59,
3862238F-8E6F-457A-9BB6-34FA8FCDC2A7,2025-05-15,Manhattan Ingredients,Groceries,62,
0010769E-57B7-42A1-BF9A-B0D42EE11AB6,2025-05-17,Drinks out,Entertainment,0.34,
67343B5E-C13B-406C-B38E-A3F9FF4F9AA0,2025-05-17,Uber x 2,Transportation,80,
937F9FD3-BC7F-49BF-8EBD-5A9ED4BD9875,2025-05-17,OB Food,Dining Out,36,
D08E8916-F750-4B26-92E6-FAABE74C4311,2025-05-17,Coffee,Dining Out,4.35,
13BCE4C3-DA4B-4C71-ADF0-3491EB20BC12,2025-05-18,Ralphs,Groceries,41.66,
10978EA1-F66A-4F0E-BDC7-96281545AA57,2025-05-21,Spotify,Entertainment,13.14,
65626650-50FA-468B-8F54-B917353F514B,2025-05-21,Ralphs,Groceries,19.17,
23ED06E6-94AC-4E5C-8C57-0E9943C00B74,2025-05-22,Ralphs,Groceries,21.18,
B0C191EA-84F2-46BA-A523-6FCAA5D89ABC,2025-05-24,North Park,Entertainment,100,
9D2E0A6D-4361-4E7E-97C0-7D4C4560C423,2025-05-24,Ubers,Transportation,40,
858EB96B-177C-411B-8D3F-E0CE2518BA7A,2025-05-26,Ralphs,Groceries,24.27,
E81F9DF9-AFC8-4CD3-B89D-E62800279BCD,2025-05-27,Taco Stand,Dining Out,23.88,
62A26028-DA7F-4C93-9E3A-AF5094743D21,2025-05-27,Movie Tuesday,Entertainment,8,
3DB3AAA3-1CC8-4222-ABD0-2097377C4401,2025-05-28,Gas,Transportation,51.71,
79711BBB-3081-43C6-BE6E-0D4403A08EE5,2025-05-28,Taylor Shop,Home,13,
7C2C21B1-F2AD-4729-9EF9-03BDDEE9052B,2025-05-29,Ralphs,Groceries,42.39,
DBEBDD94-56CD-4EED-91AE-B4CFE58248AE,2025-05-30,Taco Stand,Dining Out,23.88,
E07C6B4B-144C-4F15-A939-7EF76B80B06C,2025-05-31,TradingView,Utilities,68,
C5420CD0-45AE-451B-B03B-0E7A93ED9B7D,2025-06-02,Ralphs,Groceries,17.19,
9268438A-37CE-4669-BB22-9750BC0FD5D8,2025-06-02,Taco Stand,Dining Out,23.88,
1A0F347F-2749-443B-A190-EBE2873E82CD,2025-06-02,ARO,Groceries,5.25,
B8473526-CD7A-4A94-B5BA-22E3DF5A5A8E,2025-06-05,Taco Stand,Dining Out,23.88,
8A48F898-711B-4A37-947B-F8963E947051,2025-06-06,Ralphs,Groceries,23.62,
DB8B010C-4538-4F82-95CE-B09F07A38F57,2025-06-07,CVS Beer,Groceries,20.03,
EADC6E4C-562E-4573-A1F4-7830B4BA47AA,2025-06-07,Walmart Groceries,Groceries,41,
0CFE6983-1BE4-415C-8632-B967F455867B,2025-06-07,Cockroach killer,Home,10,
5430EC9D-5CE8-4D16-AA89-0CC013BE2A87,2025-06-09,Taco stand,Dining Out,23.88,
7830698B-14A1-4AE1-8E81-45433FBA4858,2025-06-10,Ralphs,Groceries,22.85,
368FCFBA-99AF-49E1-AB34-12F302B072BA,2025-06-11,Insiginia,Home,23.75,
3F76BA41-ECC9-4AEC-9AF7-EDBF52A94669,2025-06-11,Padres,Excess,105,
6B16580F-396C-480A-BAA0-626FD74CB43A,2025-06-14,Ralphs,Groceries,35.78,
4FBFBC7E-FD41-47E7-A8D3-8D07F6EE9460,2025-06-14,Google Fiber,Utilities,70,
CC3A4C49-AA6A-4938-BF0A-D3528CB59321,2025-06-14,Taco Stand,Dining Out,23.88,
A3BBB4BF-0EC8-4034-B10D-57DC1F8FE8E1,2025-06-14,ChatGPT,Utilities,20,
6C6ADE6B-AD4C-4626-A3B3-8033190ECD01,2025-06-15,Ralphs,Groceries,27.35,
1179BE86-8D32-40F3-AA0A-DB0D970EBD0C,2025-06-16,Black Shirts,Home,15,
EF31C314-1968-4AE9-98EA-6781E938E601,2025-06-16,Toiletries,Home,15,
C69F619E-4092-4914-97AE-5BAF3FE51CB3,2025-06-16,Walmart Groceries,Groceries,20,
6F8BEA63-565E-4323-957A-BFF62F98AB20,2025-06-19,Batteries,Home,8,
AE3D6B65-5A99-412E-A9BB-CA96D602EB72,2025-06-19,Beer,Entertainment,14,
A9285E61-F5D1-4DB3-B3BD-CCDE5C402B2A,2025-06-19,Ralphs,Groceries,10,
399684EF-BC86-470C-871B-A3EDF09249B2,2025-06-19,Costco Groceries,Groceries,120,
C4DA3377-327B-434E-90BD-9D8DF3436229,2025-06-19,Costco Hone,Home,33,
1814ECB2-D976-42A9-967E-315D659157A4,2025-06-20,Gas,Transportation,40,
7E1C5EE0-899F-4C14-BF45-C462AEABCE75,2025-06-20,Beer,Entertainment,18,
0C9633CC-5119-4422-8B31-A2AB266202FE,2025-06-21,Spotify,Entertainment,13.14,
D615B667-5C4A-49AE-9144-32E715B0A15E,2025-06-22,North Park Beer Co,Entertainment,31,
4BDC82E6-01EA-42B5-A424-ACBE200A5816,2025-06-22,Uber,Transportation,12,
6EC7F952-C2A5-46C8-9BAB-53704B38168D,2025-06-24,Ralphs,Groceries,31.52,
81A5E155-81B1-46B8-8604-4DCF5EC46609,2025-06-25,Coffee,Dining Out,11.94,
7483A10E-4406-49E5-8084-56B962EB8047,2025-06-25,Flowers,Groceries,11.39,
7DB85D78-AA16-487A-B90C-35E6BA8DCB86,2025-06-26,Movie,Entertainment,26,
D7279C4D-1236-4347-9AC4-D5FC80048EC9,2025-06-26,Acai Bowl,Dining Out,14,
4C6E5610-DC68-450B-A600-EB6C0D85E9AD,2025-06-28,Taco Stand,Dining Out,23.88,
1073986D-4F1F-44A5-B981-2A86F174047D,2025-06-29,Taco Date,Entertainment,25.8,
7B122637-7B93-43FA-B1DF-F8052CBC1A31,2025-06-30,Dinner Groceries,Groceries,12.5,
9A30DCD0-2153-4DC6-8388-2DFC4B35E305,2025-06-30,Ralphs,Groceries,41.97,
93EF52E5-032E-47D0-A121-16655C9594E5,2025-07-01,Billy Currington,Entertainment,68,
3EDE6FCB-9EF9-4417-9299-B99443E85DA0,2025-07-02,Randi Candy,Excess,10.1,
FEC31524-411D-4EDC-8FD3-332086DFA467,2025-07-02,Affogato,Dining Out,11.58,
86F4EB5E-4587-494E-AB69-B0F1139215B2,2025-07-02,Sushi,Dining Out,53.28,
F9B197C1-87CA-4292-894B-861FD9C03D05,2025-07-03,Spill the Beans,Dining Out,25.55,
215070CA-0F37-4457-B027-CDAB23E62791,2025-07-03,Band tickets,Entertainment,21,
B5B68A0A-F535-4A9D-9B77-4744C5192E89,2025-07-03,Beer,Entertainment,17,
7D97E4BB-1E50-4EBA-8DC6-504C0B14D3A8,2025-07-04,PBS,Excess,10,
FFA653F0-3494-4E4B-B236-55D83049E6B4,2025-07-04,TradingView,Utilities,72.3,
22E7A8C6-BEB7-4E04-870F-747A845AD558,2025-07-05,Gas,Transportation,47.58,
CF717FCE-FA36-429C-9A46-0131575FC368,2025-07-05,Grand Canyon Gas,Transportation,46.78,
7E81690C-7679-4950-9D6F-2336E5AE2330,2025-07-05,Mexican Grand Canyon,Dining Out,32,
3D3792CD-76C3-4967-8F8F-7D917F33369F,2025-07-06,In n out,Dining Out,10,
6A5303F5-4A56-4932-AE24-8E318DEC93FA,2025-07-07,Ralphs,Groceries,21.91,
1BCF54C9-4608-4786-B986-28800D4B703C,2025-07-07,Walmart Groceries,Groceries,36.02,
0F7F2CEC-11B1-4047-9299-943539DB113B,2025-07-08,Vuori,Excess,153,
C5D88C99-14A4-40EF-8F14-C2C79A442A3D,2025-07-08,Tax Book,Excess,15,
C64BC794-EF3E-40AB-A45F-30D2047EC9FD,2025-07-08,Tongs/Batteries,Home,17,
93D3B001-182C-4F35-9864-5C835A396BB9,2025-07-09,Ralphs,Groceries,36.28,
2D167D36-9F28-4E6A-BD9B-1855A33F9958,2025-07-10,Margarittaville,Dining Out,35,
D8DA222F-29C6-42DD-97F6-2EB7230E6D38,2025-07-11,Beer,Entertainment,25.55,
9ED31E62-9987-4BEF-8281-16B475C5A31A,2025-07-12,Taco Stand,Dining Out,23.88,
09567D2A-C22D-436B-B13C-9D0A8B5D404D,2025-07-13,Flowers,Groceries,15.75,
29D0E043-C987-49AD-91AC-AF189D2D89B2,2025-07-13,Empanada,Dining Out,16.33,
C34216C2-5FAF-47A2-9AEB-705184682251,2025-07-13,Flight to Sea Isle,Excess,603,
04CD0E85-13A1-4A22-A1E6-27D66EBE738B,2025-07-14,Google fiber,Utilities,70,
4F73FCA8-16AC-42A5-8B09-BD408E24EDFC,2025-07-14,Youtube Screen/Mic,Excess,31,
D20C30DF-6135-4863-B70A-A91B1CF3D379,2025-07-14,Pretzels,Excess,10.12,
C177B04E-E780-4F5C-9B9F-D7492540176E,2025-07-14,Coffee,Dining Out,9.99,
667DB01C-561C-47BD-B76E-227CE387E4B2,2025-07-16,Taco Stand,Dining Out,23.88,
EA2ADCF0-0A5B-4CEC-B795-B78BE3B14DB4,2025-07-17,Ralphs,Groceries,23.82,
00A5D39A-CB29-486E-86A5-E1C43E7D4CB2,2025-07-17,Car Wash,Transportation,4,
4313A635-93D8-4979-9FF8-71DEC6DF0C03,2025-07-18,Little Italy,Dining Out,97,
27964E5B-D7B1-4260-93BB-E7BC86A5A2F5,2025-07-19,Uber,Transportation,13,
EDC0A365-84DF-4E69-A206-C48D9DE2C242,2025-07-19,Razors,Home,29,
0F0B11F6-B1F6-4B02-AD9D-70DD38D809BF,2025-07-19,Egg Muffin,Dining Out,12,
B3C5B9DB-ACE6-442D-8BA9-C654469D3CA5,2025-07-19,Sweater,Home,30,
FC6B5EF1-B831-428D-A6BC-5EC09C476EF0,2025-07-19,Taco Stand,Dining Out,26,
18AA16F7-97AC-43E8-B490-B970154185AF,2025-07-20,Ralphs,Groceries,39.88,
43173804-374B-4755-8A0E-C9AF7E705202,2025-07-20,Flowers,Groceries,13.47,
94ED2163-E50F-434D-9314-51ED9B93A3D0,2025-07-21,Gas,Transportation,50.05,
70915BEF-CB9F-4BBA-A897-73CF9407A315,2025-07-21,Ralphs,Groceries,22.87,
D4FB8ED8-59CC-4CF2-B19A-EA15D0B2AB97,2025-07-24,McP Foods,Dining Out,66,
4820466E-7D96-48CF-A22D-9401D365E12D,2025-07-28,Sea Isle Gifts,Excess,80,
EB350E68-B589-4BC1-83AB-8837D2739BAA,2025-07-28,More Sea Isle,Excess,45,
78417146-FAFB-4D1F-A704-EA7C6CA2D669,2025-07-28,Dunkin Airport,Dining Out,8.33,
B30D67DE-425F-4677-B83B-69D56F516DB8,2025-07-29,Taco Stand,Dining Out,13.08,
C438AEE5-09EA-4E7E-AB98-F2F0591269C4,2025-07-31,Parking Pass,Transportation,25,
B1738E17-3068-4BDD-B780-5B4EB811696C,2025-07-31,Ralphs,Groceries,35.33,
19E08A88-53DB-4B4A-836A-B0DCB24B62F8,2025-08-01,Gf Day Kebab,Dining Out,32,
7EBEB834-00E2-461C-9490-4AE6D10840A9,2025-08-03,Coffee,Dining Out,15,
05837946-84AD-493B-AED8-744E8CB75212,2025-08-04,Smoked Meats,Dining Out,16,
4160F26A-C253-4312-A946-08AC453790E6,2025-08-04,TradingView,Utilities,63,
DC453C3B-ECDE-4AAB-8C9C-19DA24FCBF4F,2025-08-04,Pbs,Excess,10,
AACF46B8-304B-4F11-80E7-D6DB80781C1E,2025-08-05,Taco Stand,Dining Out,23.88,
B52FF900-4E3B-4FFF-81C9-A79A87E7C61F,2025-08-06,Flight to Noahs Wedding,Excess,613.88,
FC4A9D40-42EC-48A3-9A91-AD9C668FA82D,2025-08-06,Anniversary Gift,Excess,99.13,
07D13E36-88A4-4CF1-A962-59F63F6C24AA,2025-08-06,Nationals Game,Excess,110,
4B69598D-E64C-4D60-8316-89C0AEF050B4,2025-08-07,ARO,Groceries,2.5,
21D93A78-52DA-4834-B23D-7A1D0B5AB14B,2025-08-07,Razors,Home,100,
1E75F6B7-E798-4AD8-8710-C3ADEAB42E85,2025-08-07,Costco Groceries,Groceries,182,
B9555B1F-6BD9-4D00-8F8A-D8828860F049,2025-08-07,Uber,Transportation,4.85,
D4AFBDC1-5351-4DCF-84B0-7C8B1DFFF8DD,2025-08-07,Sailing,Entertainment,78.58,
7717B454-4BB9-4024-A0E4-9974B28081E2,2025-08-08,Pasta,Groceries,9.98,
042F6CEB-91A1-466A-8B8F-CB4633499F19,2025-08-09,Baseball Alcohol (Hosting),Entertainment,70.31,
1B127B42-F596-4D7A-8952-BCA29C459E13,2025-08-10,Baseball Drink,Entertainment,112.83,
08BCB0E1-993E-4A3A-A2A7-FB6425E8E4D0,2025-08-12,Shoes for Miranda,Excess,86.51,
EDBCAC60-609D-46FD-9B10-CCCF06EB2A11,2025-08-12,Shoes for Wedding,Home,36.45,
14FD15A9-0FDD-4ECE-9C4A-FE6434F740C0,2025-08-14,Google Internet,Utilities,70,
8DB2F058-2FE3-4A3B-B0D6-7FA3BD212E07,2025-08-14,Ralphs,Groceries,16,
B21E97B4-31A7-4A9A-A4D1-1E1F85F05209,2025-08-14,Choco Alcohol,Groceries,17,
5879CD53-D1C2-4272-BB25-AD3B7A3089CB,2025-08-14,Xbox,Entertainment,20,
77E6DC7A-4EE2-48C2-8129-491AF43E0D47,2025-08-14,Chatgpt,Utilities,20,
0E6812AB-2033-4B82-AD37-D4D542333E56,2025-08-15,Uber,Transportation,15.9,
43D20C63-0678-4DB1-8233-67D3F2651BDB,2025-08-16,Orange Crush,Dining Out,60,
353604E8-DF8E-4617-B04B-98CC49E0E380,2025-08-17,Wedding Present,Excess,108.75,
09649CAA-E803-4493-B54D-841E5BEEB77F,2025-08-17,Uber,Transportation,27.56,
BEC42756-141F-4A05-AF79-E609FEAF4F76,2025-08-18,Ralphs,Groceries,21.56,
AE31C787-019D-4876-9621-3870DAD8AB71,2025-08-20,ARO,Groceries,14,
125266FB-B528-41E5-923C-17859AFC48C2,2025-08-20,Taco Stand,Dining Out,25.02,
2FDFCCD8-2C23-48AD-93E3-333D5D566AF6,2025-08-21,Spotify,Entertainment,13.14,
660BBA35-72EE-4FE0-9D1D-B77E8EF99FF8,2025-08-21,Ralphs,Groceries,9.55,
3E5B330F-9973-4773-A5C6-FEB11909F082,2025-08-22,Haircut,Home,19,
2A824300-3D7D-4935-BB9E-67DC3AFF0C42,2025-08-25,Ralphs,Groceries,28.04,
323A4122-335B-4219-B079-E6F07EA54976,2025-08-25,Flowers,Groceries,12.93,
B38B8574-229E-4CDC-BBF5-E72A70196087,2025-08-26,ARO,Groceries,11,
F07E82B4-0EBF-409B-AB07-E93AA57A14CA,2025-08-26,Padres Orioles,Excess,77.5,
7D492917-4BB4-471F-BBEF-B78CA0AAC64F,2025-08-26,Ice Cream,San Francisco,10.38,
1A103D83-E33C-4D82-B85D-72CE2CCD8F73,2025-08-27,Ralphs,Groceries,11.1,
21DCBCD5-CA0B-47D0-91AC-FDCD66855BDD,2025-08-29,The Shack,Dining Out,61,
F4B6A71A-0D94-4219-A8D1-BDE8DF754927,2025-08-30,The Lot,Entertainment,46,
A6D132E0-6308-4C19-AE6B-FAA76A95089B,2025-09-01,Taco Stand,Dining Out,24.96,
937D9E9F-EE7D-467A-A638-3226AB733451,2025-09-01,Dumbbells,Home,70.05,
16B34C79-D084-4ACD-B355-75DF0A2415F1,2025-09-03,Owalas,Excess,80,
BA3B079D-628B-480B-B628-C0DFC4233A97,2025-09-04,Options Book,Home,12,
0595805F-60E3-4029-912F-6FB787040C6E,2025-09-04,Burger,Dining Out,8,
649B1760-6127-411C-BD25-8E1E8EB3C0D4,2025-09-05,Capcut,Utilities,12,
14466AD7-57A0-4EBB-804D-B73AF0F3F011,2025-09-05,Beer,Entertainment,11.09,
1DDBD5DF-B8F0-479B-97FC-D834CCF3F617,2025-09-05,Bar,Excess,15.54,
EB405632-ABE1-4520-9AF6-1067AD7CD0EE,2025-09-06,Drink,Entertainment,16.85,
700A2956-AD9F-4E52-8156-C52D00EF5FA9,2025-09-07,Uber,Transportation,13.82,
C3BABB48-1107-4EF2-A4FC-E85DB7AA5934,2025-09-09,Comedy Store,Entertainment,58.65,
681D401D-904E-48A3-AA9A-675BED823D8D,2025-09-10,Walmart,Home,12,
FFD109F7-3D13-48A4-ADDE-5AF23C04F073,2025-09-10,Vegetables,Groceries,11.8,
4059E58C-AFD9-4D2A-B1CC-74D9B4326D46,2025-09-10,Tamper,Excess,20,
DC779942-027E-45EF-98CE-AFD6AD961260,2025-09-10,Flalsffel,Dining Out,16,
264EF505-AA6F-4500-8CAC-DD1A040EEF68,2025-09-11,Ralphs,Groceries,23.05,
26BC6310-BF1C-4DC3-94F2-0A6CC29EE416,2025-09-12,Gas,Transportation,49.74,
5C4C2F66-AA6F-4A72-838D-FAE353E9B2B0,2025-09-12,Beer,Entertainment,16.8,
39D08F7F-FA85-42C6-BF35-2FDDA3223C55,2025-09-13,Hsm41 Auxiliary Resale Outlet - iPhone,Groceries,8,Coronado; CA
119B49C6-293A-45D3-92BC-D3931FA2A608,2025-09-13,Hsm41 Auxiliary Resale Outlet Purchase,Groceries,8,iPhone
0D65CC8A-1666-44D6-A15F-1D1D8A8A5CB0,2025-09-13,Hsm41 Auxiliary Resale Outlet - iPhone,Groceries,8,
451579A5-07DB-4545-9867-D419BFB6079D,2025-09-13,Kebab Shop Order,Dining Out,29.7,Pickup order
E4F9E873-4EB1-4EF2-841E-0E428A7CB80F,2025-09-13,Wheat water,Dining Out,69.8,
92C69392-44B8-4FFD-849A-D18652E7E381,2025-09-13,Bar cover,Excess,30,
908EA5B0-6AEB-4CB7-8275-B8AC2DA6284C,2025-09-14,Uber to bar,Transportation,32,
596BD8AD-A057-4298-8097-6818630568DC,2025-09-14,Rosemonts Cafe,Dining Out,36.4,Paid with American Express
87B1FA00-F8BA-4072-90B0-DA289983571F,2025-09-14,Internet,Utilities,70,
735AE5DF-EA9B-497E-AE1C-F2F56E501A33,2025-09-14,ChatGPT,Utilities,20,
02CB3F6A-6116-4A16-B4B6-747560DEDF9A,2025-09-15,Guitar Neck,Excess,51,
7FCFF302-C5B0-461C-B7FD-30FEF50EE3E8,2025-09-15,Projector Utilities,Excess,19,
511BA1E8-19AB-4430-8A07-2A1A910C3EC1,2025-09-16,Beer,Entertainment,12.78,
5E6EBB05-D5BA-422F-9338-3C15099EE874,2025-09-16,Beer,Entertainment,29.86,
A0F6091D-68D7-44AE-8AD5-CFD9C5637AF6,2025-09-18,Hardware purchase,Home,19.38,
965EB77E-5505-495A-83A0-C0EFE0F1B93D,2025-09-18,Whole Foods Groceries,Groceries,26.27,Total Savings $0.50
F4992480-A523-4C97-B2D3-493508644FDE,2025-09-20,Ralphs purchase,Groceries,36.12,
2D288797-5ECF-465F-B12D-D51FA299D3C3,2025-09-20,Game Pass Core,Entertainment,9.99,Microsoft monthly subscription
ACB4055D-0F6F-4506-8196-6B06CCDAA11E,2025-09-21,Beer,Entertainment,12,
00357EF0-8A01-4AE3-93C0-4E9C7BF62A66,2025-09-21,Uber,Transportation,43,
07BEDDC7-461B-4A38-AE0C-2A816F845CA2,2025-09-21,Spotify,Entertainment,13.14,
4AA95989-2753-4B98-8E53-CC60B740A9EC,2025-09-21,Grocery Haul,Groceries,4.99,
946D3733-B28A-4BE1-8318-EA72DF379E98,2025-09-21,Hulu Subscription,Entertainment,9.99,
FF4BA9FA-F539-461A-9BCC-684EBB183D27,2025-09-22,ARO,Groceries,9.25,
B83FFEF6-F296-4B56-B8A7-63BC0E8A56DE,2025-09-22,Taco Stand,Dining Out,25.25,
25E7E997-6D39-4770-B4AA-317A82236AB5,2025-09-24,Dunkin,Excess,2.2,
EA4D0A59-44BE-471C-BB87-A009852E9054,2025-09-24,Kroger Groceries,Groceries,34.02,Includes Zero Hunger Foundation donation and Ralphs Rewards usage.